{"epoch": [0, 0, 1, 1, 2, 2, 3, 3, 4, 4, 5, 5, 6, 6, 7, 7, 8, 8, 9, 9], "loss": [1.8527095402990068, 1.3183361036436898, 0.8374909588268825, 0.6022341677120754, 0.5542036805834089, 0.5502140053680965, 0.5473209300211498, 0.5468072827373233, 0.5440122059413365, 0.5094824816499438], "sec": [1.8396570682525635, 0.2870457172393799, 1.6798546314239502, 0.2947249412536621, 1.6369965076446533, 0.28366804122924805, 1.6262214183807373, 0.272005558013916, 1.621612310409546, 0.27285337448120117, 1.6409368515014648, 0.28468847274780273, 1.6405150890350342, 0.2854800224304199, 1.6294472217559814, 0.27113914489746094, 1.6306757926940918, 0.28165674209594727, 1.6119940280914307, 0.27363061904907227], "lr": [0.0001, -1.0, 0.0001, -1.0, 0.0001, -1.0, 1e-05, -1.0, 1e-05, -1.0, 1e-05, -1.0, 1.0000000000000002e-06, -1.0, 1.0000000000000002e-06, -1.0, 1.0000000000000002e-06, -1.0, 1.0000000000000002e-07, -1.0], "acc": [0.2544642857142857, 0.6741071428571429, 0.84375, 0.8995535714285714, 0.9174107142857143, 0.8995535714285714, 0.8973214285714286, 0.90625, 0.9040178571428571, 0.9285714285714286], "val_loss": [1.7031408846378326, 1.269360989332199, 0.783089280128479, 0.6560558527708054, 0.6839858889579773, 0.6956541389226913, 0.6620709002017975, 0.6231586933135986, 0.6264084726572037, 0.5956110954284668], "val_acc": [0.5078125, 0.8828125, 0.96875, 0.96875, 0.9609375, 0.9375, 0.953125, 0.953125, 0.96875, 0.953125]}