LEARNING_RATE,WEIGHT_DECAY,CLASSES_TRAINED_ON,OPT_TYPE,EPOCHS,LR_STEPS,DO_EARLY_STOPPING,STOP_AFTER,SEED,BATCH_SIZE,NUM_WORKERS,ACCURACY,VAL_ACCURACY,comment
0.001,0.01,100,Adam,10,3,True,10,0,32,1,"[0.026041666666666668, 0.052083333333333336, 0.1701388888888889, 0.34375, 0.5451388888888888, 0.6319444444444444, 0.6666666666666666, 0.6788194444444444, 0.6788194444444444, 0.6840277777777778]","[0.0125, 0.06666666716337204, 0.27916666865348816, 0.33333333730697634, 0.4875, 0.5729166746139527, 0.5854166746139526, 0.6166666746139526, 0.6104166746139527, 0.5770833373069764]",
0.001,0.001,100,Adam,10,3,True,10,0,32,1,"[0.020833333333333332, 0.12152777777777778, 0.2951388888888889, 0.6371527777777778, 0.7482638888888888, 0.8090277777777778, 0.8420138888888888, 0.8402777777777778, 0.8611111111111112, 0.8611111111111112]","[0.00625, 0.075, 0.2645833373069763, 0.45, 0.5895833373069763, 0.6729166746139527, 0.6645833373069763, 0.6166666686534882, 0.6791666746139526, 0.68125]",
0.001,0.0001,100,Adam,10,3,True,10,0,32,1,"[0.036458333333333336, 0.14583333333333334, 0.3385416666666667, 0.609375, 0.7604166666666666, 0.8350694444444444, 0.8732638888888888, 0.8680555555555556, 0.8732638888888888, 0.8715277777777778]","[0.03541666716337204, 0.16666666716337203, 0.36041666865348815, 0.5604166746139526, 0.61875, 0.61875, 0.6791666746139526, 0.68125, 0.7, 0.70625]",
0.0001,0.1,5,Adam,10,3,True,10,0,32,1,"[0.33999999761581423, 0.6112499952316284, 0.8567499995231629, 0.9058749973773956, 0.9013749957084656, 0.9169999957084656, 0.940625, 0.9334999978542328, 0.9138749957084655, 0.9263749957084656]","[0.44583334525426227, 0.7979166905085245, 0.8930555780728658, 0.9375, 0.96875, 0.956944465637207, 0.9583333333333334, 0.956944465637207, 0.9361111323038737, 0.9479166666666666]",
